<?xml version="1.0" encoding="UTF-8"?>  
<beans  
    xmlns="http://www.springframework.org/schema/beans"  
    xmlns:xsi="http://www.w3.org/2001/XMLSchema-instance"  
    xmlns:context="http://www.springframework.org/schema/context"  
    xmlns:jms="http://www.springframework.org/schema/jms"  
      
    xmlns:p="http://www.springframework.org/schema/p"  
    xsi:schemaLocation="http://www.springframework.org/schema/beans   
    http://www.springframework.org/schema/beans/spring-beans-3.0.xsd  
    http://www.springframework.org/schema/context  
    http://www.springframework.org/schema/context/spring-context-3.0.xsd  
    http://www.springframework.org/schema/jms  
    http://www.springframework.org/schema/jms/spring-jms-3.0.xsd">  
  
<bean id="connectionFactory" class="org.apache.activemq.ActiveMQConnectionFactory"  
 p:brokerURL="tcp://localhost:61616" />  
  
<bean id="jmsTemplate" class="org.springframework.jms.core.JmsTemplate">  
<constructor-arg name="connectionFactory" ref="connectionFactory"></constructor-arg>  
<property name="defaultDestinationName" value="myqueue"></property>  
</bean>  
  
<context:component-scan base-package="com.cg.sender"></context:component-scan>  
  
</beans>  